{"mean": [533.7925447558804, 786.2830971554247, 830.5818887308981, 1297.8353711961508, 2434.434778205227, 2783.7529146024563, 3079.486510525178, 2202.5861471401204, 1462.9653907040179], "std": [350.3808744542824, 385.985659012104, 548.3423298443812, 525.7066932139487, 848.0896426236382, 1055.0391732008372, 1173.2872420175067, 779.6857231938333, 732.4916123907324]}